application_id,applicant_id,country_code,loan_product_type_id,application_started_at,requested_amount,issued_loan_id,loan_issued_at,issued_amount
8ddd70f82c2c1fd4803e2424ad97177d,d28a4c210afbc102f2284bdac232c765,FI,1,2022-12-26T07:21:36.233Z,1000,0d1f60289e2b37fbdf14cd38b05b15f3,2022-12-26T08:36:15.000Z,3500.0
3a6a0b99e909ca7f7481520d2b0ee7c9,35c092ee58ae85c2a21285bfcd701cb4,FI,3,2023-04-01T09:23:23.630Z,4000,9dc8e6f9f9941f20a773144c182b45eb,2023-04-01T15:31:55.433Z,4000.0
d2732b5fba66c0c981641aa5cab806c2,a638429f87162883c5fe1228dc80b98f,FI,2,2022-12-11T14:09:06.766Z,600,e82689dc5b32ed24dd8d77b8434122f4,2022-12-11T14:22:28.000Z,600.0
43a6b29c19ba7c0d65992bba0235c32f,640c0a07755028cb6e033dfe7809c99c,EE,3,2022-12-08T07:49:25.986Z,10000,f41d149f47842aac216c2461d00da625,2022-12-08T08:21:11.000Z,3500.0
ede1e7610529143fed01084ca1b69ecc,558d5a21de6f4d218fcd08207c10d16c,LV,4,2023-06-18T12:34:52.156Z,500,,,
21239fcd66be0b8392b44055bbd95900,c7a2ca08cb548db0d60d6781a0b3b097,NL,3,2023-03-13T13:20:19.250Z,2000,e22eb6b9b7c353a721054243306d5992,2023-03-14T06:17:58.623Z,2000.0
da54a6dc2850178d6047c4a9380c7f3d,8df02a4fc83f5c7039a049b43531d2b4,EE,1,2023-06-19T07:53:26.663Z,1000,f111ddae93d60482122ecdf08d1bee07,2023-06-19T15:14:06.337Z,1500.0
902f90353e130bb4c80a0dfb5c01903f,b91404bdb17f9d2222dc4af71a282192,NL,4,2023-04-10T05:42:37.440Z,3000,c010a66a246d4620bb5f19e3443667a0,2023-04-10T05:55:53.923Z,1500.0
6da1a0cf07a35ff84d1f70993f231097,9cb8d175ddd837237eeef84fa0942978,FI,2,2023-06-16T09:01:29.863Z,4000,d1f0df78a51befa42e0476657bd5b5e2,2023-06-16T09:14:24.293Z,4000.0
a6cc56005ce3408d3a03364c417000d6,4ebb6d722b7dd9def33828eff8aa153e,NL,4,2023-04-14T09:49:52.830Z,3000,635c17ea1ce450356a96219620ce902a,2023-04-14T10:47:13.043Z,4400.0
5e6c7b2ef4fbcf22ea991f4a45c04cca,f93dbd24d95aee9ba8af7893e40e1f38,FI,1,2023-06-19T06:04:01.476Z,200,f7d8eae04f7fd20397b0e0070e6cae7a,2023-06-19T06:30:54.843Z,1000.0
db9b9cac428a3300159ebc41b8bf81f7,23b8561ca66d7df10981112610f0f6f2,EE,3,2023-05-14T10:58:24.220Z,1000,5593ba897015e8dd7bce14dc1433e984,2023-05-14T11:11:19.870Z,2000.0
f5205b5f5c7e8f9e727307b386725bbc,574a803f6e167b13e5539d55b7e0666f,FI,2,2022-12-19T08:40:37.353Z,6000,197b15186db7de624fd6a84d4b1127e0,2022-12-19T08:48:55.000Z,3500.0
ecec9b87c3fb928143634d4f28778fbe,744ce3addb09562f4b41187b2642a47f,FI,4,2023-06-26T14:55:28.736Z,4000,36931cce82912349d8127502535d82e7,2023-06-26T14:57:09.040Z,1000.0
444f55f4b559722c579829af7a5173bb,35dac59b7ea8248c6ff1d8fe932696c2,EE,1,2022-09-23T07:54:14.860Z,6500,04f2724cdebed345dde629af6a89f3ba,2022-09-23T12:57:42.000Z,6500.0
903d374b440386b6de4530a58d98faf9,7a7dda866e5d76bd3f584d90fe7696bd,EE,3,2023-02-03T07:37:54.323Z,200,,,
2c6143e203d4c4a2d09cfaf4eacca568,d47dfab14054ac2b522f83111731132e,FI,4,2023-02-04T06:33:27.120Z,500,d3b87747b485d3e0c7557d6834c0b67d,2023-02-04T06:46:46.000Z,4000.0
9acaf6dbcaca114cc413797fb9978730,df6295fb289f780d56319e9823b72b59,FI,1,2023-06-07T12:40:55.023Z,5000,,,
c5b1499c017b72c46aac89de0ebb76b4,a8989aea7028bdb4a2c497da67b35e12,NL,1,2022-11-01T12:20:14.696Z,1000,,,
4ad9e32e20496923c5b5825bc7f95862,0755e887054e161a91e692d1eacb8526,FI,4,2023-03-10T15:49:00.666Z,1000,fc45ad5ef78acce8e11ad822ad72de1f,2023-03-10T16:11:05.193Z,4000.0
2a2a61f48a527bfd37d0a6ffdda6f48f,6d80177e3192121f5b02eb16e5187214,FI,3,2023-06-29T14:36:40.583Z,2000,e3a53f9aa60c37a9f5c75d122d31dd80,2023-06-30T11:39:03.917Z,2000.0
4dcab9657b9c8190afbbcf1f235d36d8,f2fbe9047e7e2e960253cfb357baac96,EE,1,2023-07-16T16:46:36.686Z,1000,1af3cb63569695ad6fb78baa8cea8790,2023-07-16T16:52:47.330Z,700.0
f10ba1189ffb6aeafcc9ebdcf1fe2ed7,3a508bfcc41f457a8f850f7e989377de,EE,2,2023-04-24T12:23:14.710Z,500,40c27b1e7386933e3f45517614588a98,2023-04-24T12:28:52.457Z,1100.0
8633f08ec39a8dfefd516c1227142262,82a005f2634eab816465792455e19e38,EE,4,2023-04-10T00:08:42.676Z,6500,cd25fe43629f41a1ab3a5701063c1d07,2023-04-10T00:19:41.347Z,4100.0
aeab1c06505ad2fa424e2a58923fd24e,d172574e912cb08cf36ea40eccb82313,FI,4,2023-06-26T16:39:14.300Z,10000,,,
174bfe96402f569b67217c40a26c7ece,10eb0312dcddb11487f7408b08ad3f04,FI,1,2023-03-23T15:14:58.800Z,4000,,,
21e6eb14a9a854ed6c844774af0f67ca,dae02d2c915ac77bb637f25d82363fce,FI,4,2023-04-10T16:19:26.703Z,3500,,,
cb9dc35e937640bc2c795e8e8a77f22f,ec745b8c6fdeaa894f087e35a76dbb18,EE,3,2022-10-22T11:47:05.083Z,500,21794ed61ee4b5a8960e19692ef938d7,2022-10-22T19:40:15.000Z,3500.0
4743a1c9552aaf7f0a0795752aaa8de1,a407a5a96989909407819738c543dac9,FI,1,2022-12-02T10:19:56.150Z,4000,,,
604f62592f81546677cdff377362a72c,1bd69baf93bb868399f57ed0c11810ad,ES,2,2022-10-09T10:13:07.516Z,1400,,,
2cac4d28f5289141f4f0363bc284eadf,f013ec718b3c89634091c83c5de52b18,EE,4,2023-04-10T15:23:44.116Z,900,,,
2af80faf3f3c3dfb09d886bbf90431ce,f2e9b406db408dbfcf8ba60966850517,FI,1,2023-06-07T05:52:20.303Z,4000,f9c3a67512a19c390969dd626de3e066,2023-06-07T08:51:47.033Z,4000.0
6f25b8cba4d230727d5699789fee87a7,678e07551c38e2893b148d4a2555b933,EE,4,2022-12-13T13:54:17.883Z,4000,c583cb8e08c5c2a3c1062e095032576f,2022-12-13T14:41:16.000Z,2000.0
9d94bf5b09254ac370b910c761d82efe,6517a312fcab684332af0719d9d1aa57,FI,1,2022-09-23T10:39:00.066Z,4000,bc973a3fdd683f9463e550c437fc177c,2022-09-23T12:10:54.000Z,4000.0
00dae7d5c384e2317ce9e4874ba9f767,6f7141656cac853374d7ac5e87453346,FI,2,2022-12-15T13:56:31.900Z,4000,fd2b234250e0a139a50f97689dad0df0,2022-12-15T14:56:58.000Z,3500.0
dd5d97bac023b0b77aa02f262473a339,5f438cf54b32b90e1423a47fb85376d6,FI,2,2023-05-31T16:55:34.530Z,4000,22f255212fa90cd791f2d254c642e0f6,2023-05-31T17:58:10.533Z,4000.0
729db80321a0ecc7a6993981b070c79f,a06a432441f87674f4ee76eed1022a5f,NL,4,2023-08-02T08:01:37.550Z,3000,,,
4e1275f4d08bab72b71629cbc180a20a,2d6789280f4e7d8e0be2ec89948c6876,FI,2,2022-11-06T20:54:50.986Z,200,44d629de1d3e3c78f7a2408f8a9ae67a,2022-11-06T21:00:30.000Z,500.0
68d054b3c4c6822e2b676cf3c5aa1656,36285ec85f39bdb46f86e5a456978089,EE,2,2023-01-22T09:57:33.266Z,1400,c03ada9d1407fde63a567f5ff3928bf8,2023-01-22T13:53:42.000Z,3100.0
60a2fa279ff5769f945768186e441602,5b64be1a3fcaf847369b7f8e3781794a,NL,4,2023-03-14T14:37:16.416Z,5000,,,
e3eb08a2afc648d8aabb0d43d8b88f0a,b7e7e8c63de44df6a39220262527ffb9,FI,4,2023-01-16T10:04:29.376Z,5000,635e488f87aa6e5c8f60ff0bb1ec598a,2023-01-21T17:57:28.000Z,4000.0
5a13d01811d6175beaf86ab5388c5264,0ecb5eb54ebdd10b7fe8ea2fa413fc0f,EE,1,2022-12-06T05:53:47.726Z,900,7557d683735a184efdf9443235c38907,2022-12-06T06:01:36.000Z,800.0
81f2cf64407bd06be05aa98e4f7447d2,afc1a9cbdb5a9eeb1b1dd2368bad03e3,FI,4,2023-03-26T06:35:15.560Z,400,59b431fe5fffaab78cfcd6f4daf20649,2023-03-26T06:39:48.653Z,500.0
5b601bb8419e2ff3c7a01b7c93cf1747,4ee0a419d2a57f1904b73a0a0afb4ced,FI,2,2022-10-17T15:25:26.133Z,3000,dad7dc23fe830f9a5a36f66faedb4d6b,2022-10-17T19:33:39.000Z,3500.0
37c611f1b9952c9644cfeef6d590ba82,9f103aeaf602c00df95e8049b1c2bf80,EE,4,2023-08-22T10:40:17.643Z,10000,7056d5e475568df419f9afbbcfb54600,2023-08-22T10:41:40.217Z,8900.0
58397698559e7c2561afafe04533ecec,8ba16e5f358b715c9cf496dc14766c43,ES,1,2022-11-05T10:12:36.126Z,10000,,,
af904548c3f8640df03f394630c808af,4987504715089a12dd94b4c8e8c899aa,EE,4,2022-10-11T10:55:44.430Z,2000,17e78fda826ad5f1d87891c1703b4846,2022-10-11T11:09:51.000Z,100.0
6a2bd383780e6d299b7848a29bd821b1,2e52bd96429f845088cba84aa1ef2fd2,FI,2,2022-12-03T09:34:46.876Z,4000,,,
9085aeaea1884a5dc3b57d75e11343d6,a1c755ad32c1bb4e8c46a5a86f948b0f,FI,4,2023-08-30T12:06:02.056Z,400,84b6e401d644455f4a300ad50da434b5,2023-08-30T12:13:42.873Z,500.0
3c5db5cc3b8c57af07e36c06795c522b,6adb909d23e96c636161f4b4f1e663c0,FI,3,2023-02-11T14:42:56.546Z,1000,5c95b9042728cf8acaf62086235a8eb7,2023-02-11T14:50:19.000Z,2000.0
bd3a2c44076d7633bb81b9102819c58f,42ee1888ec2c1bc838f660df4540cf55,ES,2,2022-10-25T19:47:11.130Z,1000,,,
ee8e80aff9ea2560cafab11a1ba7e554,e8d8ef6daf880c1db24f3f192a2a21cd,FI,1,2022-11-25T13:51:43.960Z,1500,600832407fa4ae0b810a871d51f56e8f,2022-11-25T13:58:34.000Z,3600.0
926ba174ad49f8968282355a4c2ed37a,92f2801d93423192bebb662e881c26f2,EE,4,2022-10-03T09:08:26.390Z,5800,8e6f6313bdab300b657e02ad73ea2a80,2022-10-03T09:39:50.000Z,2900.0
3c43739e223b03b71938bf89cc8064f8,cb44f7e565dd2a529d6b85fb2cc1ef71,FI,4,2022-10-03T15:10:25.440Z,10000,700dc0f29d3557bb70d50665fa38a655,2022-10-26T08:32:53.000Z,1700.0
35b721a41def084cffcba79cca25cd02,38389b8af57ac2232b003470e1c1cd75,FI,3,2023-07-10T15:27:26.316Z,4000,e4f6be92ae5ee43c83c82bf8137c4002,2023-07-10T15:36:31.647Z,3800.0
78da7b193bb126fa88c5a10869ec593c,8fc1989d544dc1d2b0ff6390870d57ad,FI,3,2023-05-18T16:35:06.550Z,5000,7e10fda623d5a3b6aaf2b6b4b893572d,2023-05-18T16:43:46.867Z,100.0
8777a050201314de26ca430d9bf18dde,7357ae713790e23ad7dee65b95c35e30,FI,1,2022-11-09T20:56:50.190Z,3000,84b7521a8d1891e22bbfeb1dc6337815,2022-11-09T21:02:04.000Z,3000.0
ebdfd3d6fb9d6ea120ccf0bb09211abd,976b605522dbd005b716d6593cd47ba6,FI,3,2023-03-05T06:24:14.300Z,4000,2abf288a39cbb2f34b5851a253e3ff35,2023-03-06T02:47:12.723Z,4000.0
969e9074f356ed033922087196a98416,210de46035875a7a42d2bb2020175df0,FI,3,2023-04-25T14:07:55.116Z,3700,056b1babb5ad46395074ec0c2e46d503,2023-04-25T14:12:51.647Z,1000.0
4c91057313fec339a6b6f59e30e220b6,999fbf9c1f83a5c042b3669a31f216b1,FI,1,2023-01-01T19:50:26.230Z,1000,3d6993447010ded6858ff2818ab28daf,2023-01-01T20:02:52.000Z,3200.0
2aaca2feebd6c4c0cd0cbd94d84c00fa,911dc3a88b4a3e2bea1ba6d875b393ae,FI,4,2023-08-22T15:07:43.136Z,4100,3703d9cdf5775738733db9836c1ba5a5,2023-08-22T15:12:18.803Z,3800.0
415eff41aa90d5a09bac87ce457cdb16,14c91c7a9ba99bddddfd6d1a55e33b09,FI,3,2022-11-19T09:07:02.993Z,2000,1230211d0a65908840309abb10fab84c,2022-11-21T08:51:34.000Z,3000.0
4c8e8e6e1325078aef7577465b0100fe,2a56571b9e1f87741ef39cbacd697c9c,FI,2,2023-07-29T18:19:09.686Z,100,ace012716e97690d972bdaab482838c0,2023-07-29T18:21:38.437Z,500.0
841cf9b089d09b3f6c9264ac4191a267,e9513a75b7ee8ecdb959c5964c4cd406,EE,2,2023-01-22T11:42:10.650Z,11000,58c8f342a5650a6681b591c6729807f5,2023-01-22T11:57:55.000Z,10000.0
7634540d1b4269b7f770c16875a60241,de0abd6f0545631cfa83523635461993,EE,2,2023-03-28T17:27:09.690Z,4000,476a7ce95fa63d7dce6ef9863ff038ba,2023-03-28T17:34:05.107Z,300.0
2d4db9788ed3e9727e9b1a92b9839c8e,bbce16c781c14c9776309568c08c1a2f,FI,1,2023-07-28T10:08:54.586Z,5000,342fa183e1e3c47de93ce02f6360f753,2023-07-28T10:49:42.320Z,4100.0
68c282627e45012c98390fd46dc3df8b,aeb7d65b39792e24ccb093e7e425e80d,EE,4,2022-09-30T09:23:09.083Z,4000,,,
937b89b6afadf834aaf64668d4023f74,79290463399f47c68444c450bd7124ef,ES,3,2022-11-07T12:06:35.403Z,6000,,,
d5e37670c5480409c9cef34285a5b538,6d2dbce9c8ea94a54ddc4ceb886b0c22,FI,2,2022-12-23T07:38:04.350Z,5000,5b4fd7af149209292d2e069b81fe1d21,2022-12-28T21:54:31.000Z,4000.0
eb6575a498cef28e12da4d4120891792,c3ab506a79b30d8306cbab04f602f4fa,FI,3,2022-09-25T07:14:31.376Z,500,,,
046c9c0656b9dd0ab9328bb5dd95c2ae,c1ae7549230c9f79ad9a88782aa63a17,FI,4,2023-05-27T13:58:23.870Z,5000,a5aa43b6f140787111c8f1f05e79792b,2023-05-27T14:11:15.017Z,3500.0
2e18a208d99663c962725c1c056c764c,7e1777a637086716249135f6230b06e5,FI,3,2023-02-19T07:21:27.190Z,200,725d3890fae327916be2f6195d187741,2023-02-19T07:35:49.490Z,500.0
13eb087aad9ed8fb979794e75e1484b5,5327ade1250e041999709ccc6e3b5227,FI,2,2023-02-02T06:52:03.103Z,1000,60e6d95a5f910053302edd73ce020424,2023-02-02T06:56:31.000Z,1000.0
52427eec46b37bd13752b0a329b9ef37,03c31b48feab35e3fb40a960eb4647d4,FI,2,2022-10-01T09:34:53.036Z,4000,3ef12d848d9561150f414c1087f5d742,2022-10-02T07:22:26.000Z,4000.0
292d42e69b7bb5d380e851d0a7105486,b687ec15e7578530860f903acc98a339,FI,1,2023-08-23T21:46:18.540Z,1000,45d10fadcdbdcc8c1c0c0240097ec0d7,2023-08-23T22:19:00.577Z,1000.0
0bb585e7c070166cb18ead21cb9a2067,0559aa4500c250e533b79bdbed9f0599,FI,2,2022-09-16T11:20:57.703Z,4000,,,
20212d68f8f5894fd6fec86bcc15e464,ac51a78e91c6c8b97e665e4c13f1540e,FI,2,2023-06-16T09:16:21.636Z,500,,,
3cab21ccd655539a1e07ada8b598bc06,f5c1f5a113a3b82b04bfe6f0dcddf90a,NL,2,2023-03-20T20:10:40.530Z,3000,,,
285cb23de31d34c1c1d431a84a4dcef3,f8a6d211a526de8feec3b888c68413da,ES,2,2022-11-02T16:45:37.003Z,600,,,
cc80b884608f1be47372221f1e01042c,9b506314e30d588bbe7bed46f93a4a8c,EE,3,2023-01-30T18:01:36.930Z,900,f092f5aee59d52bc0dfc8bb83d4ac329,2023-01-30T18:06:33.000Z,800.0
8a3b6cd5e98f2f0ba43264cbcf7a8e7e,5f3eaec6f87b4eea2b4911d3e3deef37,EE,4,2023-02-24T11:47:34.066Z,6500,1233a1e4aa385afb4a491f03f20da56c,2023-02-24T11:54:23.373Z,1600.0
14ca4c7468345d9ae520c6844397928b,30b18ac990507e1e9ef8bf256df74584,FI,1,2023-03-27T22:38:03.390Z,4000,,,
09b68c352cec7bee0a65ca6805704e2a,9fb4941cd420852cf70bc8f7ae7b56f4,NL,1,2023-08-11T18:36:57.286Z,3000,353086c1a1898de5786c2a56ec7fcbe7,2023-08-11T18:43:41.293Z,900.0
388231ea9dac8d66f81ebe9fbb036433,ce95f1580e30c30b7dd4b3ddbcc098d2,FI,4,2022-11-20T10:52:46.070Z,5000,32eb27a78b911add8c005aed4b441380,2022-11-20T11:05:38.000Z,1300.0
daca5015751011f79d8df0a88c7da802,d818989cb6237bdcaf303f3d1c88f5e7,FI,3,2022-11-07T11:33:13.146Z,4000,3d095f22e05569efdb3110a35e9efbae,2022-11-07T11:41:41.000Z,4000.0
e237a0a0150a01b8fee488d6774414e8,6dd6042f7d07b5171176f963d6a91850,FI,4,2023-06-02T14:44:24.776Z,2000,,,
d5756e12dcb2a3aab6a0b39fb782fea8,b75964c8d7ad4e343e069311fb78ec55,FI,4,2022-11-04T08:30:35.440Z,2000,500bc8f078a99ad9251c2c1d9a6ec135,2022-11-04T08:40:54.000Z,2000.0
a4e42953842df94797c57fad642d1007,7c0695107c43ebaf4bb03cb30ada930c,FI,1,2022-10-28T11:42:39.390Z,1000,27ce98acf4143529bc6d22da86cf8759,2022-10-28T12:15:51.000Z,4000.0
12490fe8d0aa109fa3c669c805dc5895,e6404211e9692bae4abdfd5fdb9d48dc,NL,3,2023-03-09T00:08:03.943Z,5000,ee0fce37c5f727894bf3a9f7cc95a7cf,2023-03-09T00:22:55.557Z,6000.0
02275f3e21bfd521c1657c55af18219f,6b65178d4d5126b11e5eb17e6c731671,FI,3,2023-04-29T01:14:44.676Z,4000,c0ead74dbd6a7fa44b67fe4c8aa875c0,2023-04-29T01:24:12.517Z,4000.0
0226ce41cc47a777795a3095a296c9a4,43aa4abf4f7355aaa8c60d4b9e5b4eb2,FI,4,2023-08-10T15:01:41.113Z,4100,9c33548262774c8197dc56a9eb616575,2023-08-10T15:03:17.987Z,500.0
ce633527d72f93bdda08a6e006305bc1,d05fa5fc294116367b9cadfc2915e94a,FI,4,2023-08-18T22:44:53.800Z,2000,0de72ba60cc5bf70185f15fafc311929,2023-08-19T12:44:54.803Z,4100.0
6658535061c642c73243bd2884aac1cc,49a353d483d063f9707d5142fe589ada,EE,4,2023-03-30T11:30:41.766Z,500,441097d4aa431223a03d96126fab09f3,2023-03-30T11:35:29.537Z,500.0
9473ceb2bad3d20f8da2ba16bef720a6,1f4fa320b859d9efb47eb81b724f62d7,FI,2,2023-06-08T07:22:50.743Z,4000,,,
d6086d661297e886b0e7d85be57e0881,d7144c8b1b985f3adec1c82f1ab22232,FI,4,2022-10-15T07:38:58.603Z,4000,cf51f05380aab2fd0041cb583afaf04f,2022-10-15T09:59:41.000Z,1100.0
890a14e98da8487e15cfed6b6b0c7c11,c24d2db8baa4880a4c4cdac094b3e22e,FI,1,2022-12-06T16:12:15.610Z,4000,1bd93e0595f2ffa38afb1b6651ff677f,2022-12-06T16:46:46.000Z,300.0
607603a8ff349bbb6b678a6c08d8655e,04d33b3d86e59e6865617aa39810f51e,FI,1,2022-09-19T15:48:22.800Z,2000,755ada0e6dd477aeb7847f510282fdbc,2022-09-19T16:24:23.000Z,2000.0
7f4ccd3f2c0aae79ba961bd2d75d6684,1e36426636d23adbbd588b75e620d761,FI,4,2023-06-14T12:23:54.490Z,4000,b2115035b17aff1a22a19539c0ab4899,2023-06-15T06:27:53.530Z,4000.0
6077b2eda4cf1aed671f0d2f603915ba,3db0ba3f861e4706430f746e65ca32ef,NL,3,2023-07-10T15:03:37.680Z,1200,afce96185cc963c8aea924987102b1bc,2023-07-11T09:30:34.820Z,1500.0
a502d167c5ccd55f03cc14fea89361cb,590e123d25584799965877bdcc6841cb,FI,2,2023-07-25T15:59:33.256Z,4000,f726714ccf0b20eb8fd90e27fc8bc32a,2023-07-25T16:05:36.070Z,4000.0
283a718a36aa270f9b732a8fbe843afa,15a23244457ae6994d64a95fc68b089f,FI,3,2023-06-17T08:29:15.283Z,4000,04484a9d057f09ee403a8e5994e1f323,2023-06-17T08:35:10.820Z,3100.0
3271c90d5950e9fb574ad845fa4de971,224bd270359df461c3fed358aae6b903,EE,2,2022-09-04T10:26:18.970Z,4000,f97f61ec636a36b6ed8f7b41a0b3c871,2022-09-04T12:57:38.000Z,300.0
a8e88b613c0ebeeb1109205a5153c59f,b9ac22723f350828887b4f95f7a89fd4,FI,1,2022-10-08T07:49:06.246Z,500,1a86c2b07edab28c968ad90a6e40e408,2022-10-08T09:12:59.000Z,500.0
3684f74119cb1e5e4749b0de42948ccd,95cc452a33325b85297f9281bad7088d,ES,3,2022-09-29T01:45:51.763Z,4000,,,
874ad059a3e75fb0f6d61adcc2cb12a2,18059005a579d1b5dff914871ad3811b,EE,4,2022-12-09T22:01:17.893Z,6600,50f842f04f345c4135f5cfb225e069bf,2022-12-09T22:06:52.000Z,3500.0
7e713d5a1042d6a05f829da82be44d0f,02340ee1ff74e6bda29723eea82193a7,FI,3,2022-11-19T16:18:00.386Z,1000,799b9d923ea77f5599b45170891bdf95,2022-11-19T16:27:47.000Z,3500.0
6baa5ae6b046e95ae77e164946b9eff4,cc97bffac4adc76d574d985dc753a324,NL,2,2023-03-04T13:04:17.760Z,7000,67296da645807ef21afe2ace876a0835,2023-03-04T15:57:20.913Z,7000.0
5f954cbfbb69993b573f37dcedf6da98,963b2506442a009d324b0e75ae16ec90,FI,4,2023-05-15T16:16:23.890Z,5000,6037d57c7d0c65b613835071e17904de,2023-05-16T06:09:15.827Z,4000.0
e9205835686868bced4f5fce30b0f546,4437958f0874c4ff358d380abc5b61bd,FI,3,2023-01-15T06:16:21.200Z,4000,910a617bf715f075bf218a8a95eff3e1,2023-01-15T06:37:07.000Z,200.0
3e1fc002356750a26fe842200caae0a5,75e4387629b362c026124e2514f30617,EE,2,2023-07-31T08:50:23.743Z,300,884ed1a691a6e03c3c119bc3960566d3,2023-07-31T08:58:53.900Z,500.0
fb05e2705aa067793012ac12cb49e61b,2eeda599341ab94dbee5b3d4532d8d3f,FI,4,2022-09-22T08:12:47.206Z,500,f386887f498f273a3ca8e8eee2ab755e,2022-09-22T08:36:02.000Z,500.0
8aeab329d7f7830383982deb3475d229,2fc73af5ad0988ca66e51ce1c826d422,EE,3,2023-05-22T08:11:13.526Z,4000,,,
e41b7144f99aa55c80cc206a28c93b7d,b371320bf5c9d095725ad6e621eef6ad,EE,3,2023-05-22T17:53:42.663Z,6100,f9b696eebd44e070965e42eabaf1185f,2023-05-22T18:10:42.393Z,4100.0
15eb8eb8f6c8c35b8e459959083402b6,21fd7240cd8403a2e83de5daadca9144,ES,1,2023-05-16T16:46:51.036Z,1000,79e3e1acf6e7c9d535fad73650f3c42e,2023-05-16T16:58:41.550Z,1000.0
e0bce2edacedf59d3bd44a6b4ba37389,8da4cddcacbb34a39817d927de8ed256,EE,2,2023-07-21T11:14:59.493Z,500,,,
0455e6403178eebce6dfc19ca65da0cf,8243d6cf7187553730eefd14018805b9,NL,1,2023-04-03T16:35:49.520Z,1000,,,
3ea56178e73fbf7232ad3c15d12d72ef,a34c15acb4c0d03d6a551a11b756f106,FI,1,2023-04-11T20:36:21.206Z,1000,53fe40eab57a823bc5b1e86fe192bc34,2023-04-12T13:16:45.993Z,1000.0
ee766a6819241ae0314eea9c6ee3c0e1,11bdc6e36f9f32933af5a862b55802cc,FI,1,2023-03-11T05:28:26.656Z,500,925ebaa8dd01c9558ce5ccb173881d78,2023-03-11T05:32:27.697Z,500.0
a2079fc04f1d01091d2734351cc023ea,44c8a7e1cf387bf05d2a32bc407b04be,FI,1,2023-07-28T06:14:40.273Z,500,53620bd9f2a2885a815992c55deb78e4,2023-07-28T06:18:25.363Z,500.0
bca6a2f6d41f9dfa5700401b0d72124a,c3c1dc7d7f800758259e90572c049191,FI,3,2023-04-17T16:12:20.830Z,4000,76dcac581f9f251fb2248a9e74f0a7e4,2023-04-17T16:16:13.017Z,4000.0
047bf67c530c13d09b77380f42efe62c,8ca14e328eca8c6aca319140b10babfb,EE,4,2022-12-31T09:04:03.060Z,1000,,,
0ae0c9d8906a05aaa5a4d99556dac79d,951cdef706a6a33f70f0518754b89e9e,EE,1,2023-06-23T07:42:12.753Z,10000,528f035d88813fe1810913c4eafec1eb,2023-06-23T07:47:16.420Z,1000.0
b22ee766581a98e164f49cdeaaa351b6,5aece57ba22e9cb1675f1d8732d8e1ed,EE,4,2023-03-22T15:29:34.783Z,4000,125aa5272e8d9d31b324c47de56bd6a0,2023-03-22T15:43:18.783Z,1500.0
8d596299a3fe8d3931c11222c8368f8b,ba0f97e67f1aa5d650f7cea75727f732,EE,3,2023-05-18T07:46:40.600Z,4000,c9bdb3d773011b22a6c2d1bf51dffdbf,2023-05-19T06:38:34.350Z,4500.0
b484eeafe723dedfd0f2cdbd0b9ab24f,ad8fc83533e4a6df24d40edec54a4e20,EE,3,2022-11-07T04:06:52.496Z,500,53b9acc46031a13e924bc4b7a07d2516,2022-11-07T04:13:18.000Z,400.0
5f499fb68cfb61e4432fc4c732926b17,63cda46d1d981d1b383010dbc21c73db,EE,2,2023-07-09T09:43:19.876Z,5000,cf27b0941be0f2ffc024e929bd77431c,2023-07-17T08:44:57.023Z,7500.0
e38e3cedfbbc14a6737c5aa668fbd3f3,86f6c8dbc74634291f389e1e502baf0a,FI,4,2023-05-15T12:23:32.220Z,3800,a4bc692633bdbae68981df26eceb7c47,2023-05-15T12:28:47.617Z,1000.0
0a0a3966e07bed9d692eb6ac6e2f4321,71b284f42e83b895d14f270e9a571d94,ES,2,2022-11-29T08:58:24.483Z,5000,,,
b64c6315f175bd60a2a6faf064fd0751,a43cf2f82443c035fb71698da3742692,FI,4,2023-06-10T09:05:00.080Z,4000,64ebc53dfd0c26d744ea9b38d01890cd,2023-06-10T09:18:53.040Z,4000.0
a5173ba821fcc89f847269880a895624,d16e4010e8c63427d1ee6da580d839ed,FI,3,2023-02-23T14:26:00.126Z,4000,0f6ed9d3c36e9e55a795d1a8b50ef69c,2023-02-23T14:34:06.480Z,4000.0
72b527890a23115ba935e7324ffd53f8,5cefee0b1b2252d16fada3f8dd5e977c,EE,2,2022-12-11T10:23:30.870Z,400,6d0d329e3a0db267ff3f9afb70a955f5,2022-12-11T10:33:49.000Z,4700.0
4b3e1b549cb80bce2c497833c364331f,6c8849d16ae6aca5c0b36e6f7512601d,NL,3,2023-05-18T10:06:50.896Z,3000,,,
df5540ee21b507feebed7d0bb86e92bb,12f9b0b75a971e0c1cca5a159df6997b,FI,1,2023-01-05T14:56:37.063Z,2500,a7c681f8912d5e2a9582b7154cddddec,2023-01-05T15:01:04.000Z,2500.0
e5d7ef5be0f05ae0784f5e4c5132c5e6,f37ee44d4429c6f42a08d9f91f112419,FI,2,2023-05-21T19:33:47.643Z,4000,ee4f5667d84270bbd185a7407bab2726,2023-05-21T19:46:28.167Z,4000.0
680d2bde30c34089e1e6377c02be8c3e,f2833336926006165a8ab73aca86be5f,FI,4,2023-08-26T13:02:09.830Z,4100,288bbb4f56c54d548e56e7a1a3bd7a41,2023-08-26T13:07:53.097Z,1900.0
b32ae7d82cdbb080e2f93c246cb38173,b166d2710f850d362cb276e9c0230870,FI,2,2023-05-25T15:14:54.020Z,4000,6ba9746fdf7814149c48a12f260663b3,2023-05-25T15:24:24.633Z,1000.0
00483cdc0812c52cbed72ba89c81cbc6,50b4892cd92ae402d7270ec1bac29fd9,FI,3,2022-09-29T08:35:49.453Z,4000,e2bda8d31eed8c127083e2b7d8ca2a6d,2022-09-29T12:39:25.000Z,4000.0
48cc498fdb4a792a4f5e261665f24253,5897aca6c101a132a10537609a70b14e,FI,1,2022-10-08T14:43:42.260Z,5000,70f97988728984f785a07ac7f4238501,2022-10-12T20:47:55.000Z,4000.0
b82a166d3098b94dd510848e5980e5a2,134744aa1a392f8ec80785f514d49194,FI,4,2023-06-22T05:06:55.033Z,1300,6a40b58615169ee58f9624de944c2cbb,2023-06-22T05:11:24.330Z,300.0
53cdac06686c495c70a037373598b8b7,7e904a6fcbb974c45a55f865accd06cf,EE,1,2023-05-08T13:01:11.640Z,1000,ca5a0bcc5bba1dd810d5e7e3f34f82c6,2023-05-08T13:12:22.820Z,1000.0
f18b5a8e6e10709312e6640444de6155,51d4db7bb5693b629a99ae2dee55a95d,ES,1,2022-10-20T10:21:31.273Z,4000,,,
c105763a78da07bb8932a00030ccd798,c019ef9b9d4cbd81f51acf471cab5d7f,FI,4,2022-09-30T23:48:30.846Z,8000,4d63e13ee2d246f4e9cf342138bb655f,2022-10-26T15:07:45.000Z,4000.0
e90074d634191937ed0accaf60d22ed6,f2eca1b0491914a43f1bd9683bc2c0ca,FI,1,2023-02-25T08:16:45.476Z,4000,,,
7a75b83aa79188afc2529ed3e601e8c3,25d11b26a3a14ee75f2376b045e1f0c2,FI,4,2023-02-24T11:07:05.496Z,1000,9c961f055fa0d7d69b70c280e3b7efb0,2023-02-24T11:19:45.247Z,1000.0
434a16e7a13cee3ab3446469bfac9359,7fd144b3acbac1087e0b08f6c7924140,FI,4,2022-12-13T21:02:21.240Z,4000,debe3efa8585bca4f96e8ffa4fb37909,2022-12-14T20:36:05.000Z,500.0
fcf1446e89675d4fe94710df746bcfc2,5c43ffb5479b9d00782030b2cc0d438f,FI,2,2022-09-12T14:40:44.436Z,4000,d951f1695966e6ed0dd3bdab3db05319,2022-09-12T17:39:26.000Z,4000.0
14b27edcffed94d90fa5c74c150ce042,28e34aa1ff8a0f65a6655e2710917079,FI,1,2022-09-15T14:22:59.350Z,2000,9b9ce0f0529f91a256d11d4c75bac7bc,2022-09-15T19:59:56.000Z,2000.0
46bd098594dd3c32f698dca60fce2cf5,737cf31136551acb420adec3a7c5191e,FI,3,2022-10-14T06:37:28.910Z,500,,,
0e44dd1ff36fdbdc651b1bd53ca5708a,05cb8b26df751e13b4ec364895ce8808,FI,2,2022-11-18T14:44:47.396Z,4000,cbaedd02a5bff9eae9ee8553a303ea31,2022-11-18T14:48:41.000Z,100.0
394c63fdf3e11800aaa96824721bae76,a75579da7a74b8bc6bad5890c1ab59b3,FI,1,2022-12-10T10:05:49.266Z,2500,7555b15b73a7eab844819dc93cb2e96e,2022-12-10T10:12:20.000Z,4000.0
714309c37f5a4d2816d10e5ab8abf70e,077b75ebfa668359820737fef1a4c3e5,EE,2,2023-02-18T21:51:25.690Z,4000,3b9ed438efbdca2ed5cd60862bae2a2b,2023-02-18T21:57:24.730Z,1000.0
c4e64c5bc64aaf97c1d8097b1dc979ae,c6fbfb22ac61f2539cdf09c66c00a5cc,ES,2,2022-09-08T17:33:08.030Z,600,,,
8658d488d3d75d6e05c4a666ba35b3f8,cdce4effa713b58930b35a477a7958eb,EE,2,2022-10-13T19:09:32.516Z,5800,d606bac68cbe04f3991fc71fd3744ff1,2022-10-14T08:48:41.000Z,500.0
357e9114d9c910d9c1d390a11ecc8b54,d329debf08a34bc896f2267237bf4cb8,NL,4,2023-05-07T05:56:00.860Z,3000,,,
fbfc20839b724756a06a89ee6c94a860,8d8b512ad42d1e5d5fad6abeeb6a1c02,EE,3,2022-11-03T16:40:09.450Z,4000,27555f18ddbf22bc7320f949a2d5edbb,2022-11-03T16:46:46.000Z,3200.0
28799a70e8b77193c6a9733330be157f,c6077f609e0bc47594d7ce380903543b,FI,4,2023-08-18T15:13:03.090Z,2500,0638bb40b63b70d494ec440d3b498ae2,2023-08-18T15:24:14.730Z,2500.0
87d98d569be5376984ae4cba8d52f512,2a9d9fcec562f96571610dcd515def15,FI,3,2023-08-05T11:01:43.486Z,3000,fa098fe93db72199f7e8f86a659548b4,2023-08-05T11:03:40.107Z,2600.0
b5cc2bdee15c3cffc585d69dc0dbd580,e2287345b1874612a035e11ca85dfc12,FI,4,2023-01-08T07:40:08.620Z,3600,00467e25f98ef515a9c1807215ce8093,2023-01-08T07:48:41.000Z,3900.0
bf997b1970bb9d117824020863065d9d,65283b77b1afa1a5d18d1584ca17af36,EE,4,2022-10-15T23:38:41.883Z,8300,,,
8735ddf856a26cd78ab92f1c24217b45,2321e76a74245827286432e1faca83f0,FI,4,2022-11-24T17:07:04.866Z,4000,0a09c3416f1d4303b7351637bdffd632,2022-11-24T17:14:59.000Z,4000.0
0fbda5df990d1a42b57516139d8d6874,30d5386d667fb08999d5bf9853d4b335,FI,4,2023-06-06T09:45:48.730Z,4000,,,
3b5746994522e76eecfc24e04c6ae229,ddf628595f677961ec1f25fbcaf89ae5,NL,4,2022-12-21T19:30:15.726Z,7000,,,
74d36a146fc8d1d14bc37d61dd84b813,924e0fed5403cc320c2ef7d8f6a52f3a,FI,1,2022-11-01T07:16:20.980Z,4000,bb823d0fe6681cdd1f561c4922e46116,2022-11-01T07:40:05.000Z,4000.0
b059ade27ac4cc6b03ed958e543e9c33,421896d86bb09246819bb84779457fa4,NL,3,2023-03-25T18:46:23.626Z,1000,a7993d7a9e662b5dedd72a608d8e3d5c,2023-03-26T08:33:46.030Z,1500.0
970341631c14f4a841cf2d8795ceb48a,058acc15407bd222f6fcf3def1fb87a7,FI,1,2023-02-13T09:04:39.666Z,4000,0a2fb13a431309456fb6de076d7faf9d,2023-02-13T09:08:34.000Z,4000.0
ea213b46e3aca03c458d1809f382e3c4,4554baf5b411cb2895906c9ea10bc77d,FI,3,2022-11-19T05:45:28.010Z,4000,07efd175c94d04a9ce9760fe01a7ab9d,2022-11-19T05:56:02.000Z,2000.0
f04068577a308bd19f540aa3ffd50091,a6ca4e7e7a97b5bdbe9ad6da3e9ad95f,ES,2,2022-10-17T11:48:05.166Z,3000,80f94181edbf8af882134544af1adced,2022-10-17T17:43:47.000Z,3000.0
be6c849df2a892ea3e7d6aad0d69883b,04fbe05b356c307d8c3372ca9e665bdf,FI,3,2022-12-12T02:11:05.156Z,3900,e9c8a530416e979ee692888616567bdc,2022-12-12T02:16:56.000Z,3700.0
326e90abb8ddd3e56c1bce8957c1da7b,378c1fc456e575c554ca094dbbd053ef,FI,4,2022-11-24T07:08:40.073Z,5000,7d69bf5e1bafeac95a25c217706ad30b,2022-11-24T07:16:18.000Z,4000.0
5e49f4373932765584e0fdc0e9b2d7cb,115710dee35108b8155f377990de88fa,FI,2,2023-04-20T18:45:48.436Z,200,a5ff4c87d588ea4c4b45d571df2b5ac2,2023-04-20T18:50:13.707Z,500.0
44d7408a350b70cb4918689568b1f261,2accdae37fe02250954bb50b347db838,EE,2,2023-05-21T04:50:53.490Z,4000,7aa025abd3fd48c0e303c6c72d7a1863,2023-05-21T04:56:31.893Z,300.0
417c2cb1f84aff97c5eb79d41f5e15a7,53a4e401a1ffaa3fc11da2586dc3d0e0,NL,2,2023-06-16T13:17:19.986Z,3000,,,
ce0e350b79ac74db7e483e5f9cbbc94f,212c9ca68b71544efc830f76a5f0c77d,FI,1,2023-04-07T06:05:12.643Z,10000,,,
56c166105cd7a858821a3fe120b19adb,6f54215d719cf12e824457d49c3aa5e3,FI,1,2022-11-25T17:44:30.253Z,5000,e437a73d0fd02fc572c8706c5f4aeee6,2022-11-25T17:51:36.000Z,4000.0
51ba697b962468f9edc8e67941bb6946,a85c55c1f1738fb83e19f11f8c1d4927,EE,3,2023-08-01T18:01:36.213Z,7800,5ea27265a91f6a66bd254887f9a551eb,2023-08-01T18:07:15.173Z,2000.0
a61728c2cc1514413e2690ef50eb293c,b08c5e2e8cca2259dc076220cb9cceba,FI,3,2023-08-25T11:32:22.980Z,400,a5d079f7ef63688368a6179bb20e1d7e,2023-08-25T11:35:08.787Z,500.0
984c0ef728f9d60d7fdbba8d72123caf,1b764a23e2e9cfe2aeca5c6005125bf5,NL,2,2023-07-01T05:03:40.630Z,2000,,,
aca823420e2d24a7422680243ebb0e7b,450535591cececd6ad9244625403c565,EE,2,2023-07-17T20:02:49.170Z,6900,6f5d93ed2d6ce26edf2e90ad2083bc74,2023-07-17T20:05:51.393Z,1200.0
5da958decfb9b6dc92adb23dbf155a6c,66262ab53a219625cfe874e8ef43c6d1,EE,2,2022-10-29T09:41:44.356Z,4000,cea1fac044cede17f0f31ced8fed549f,2022-10-29T09:50:45.000Z,200.0
12184883bc4f10e22d8d7ce3c0a0ee00,fb8b10912c84076b9c7d719053c1e916,NL,3,2023-04-05T14:41:57.996Z,7000,536b670dd791072b972d57658e75cae9,2023-04-05T15:07:55.460Z,7000.0
09c8290058ea11b28d65a7a075f993e5,08ae4ba1b23762cedd9a1f856f2e6e4f,NL,3,2023-05-06T13:11:23.216Z,2500,f1b8d09b4b115a6b00086bcb323a2cab,2023-05-06T14:15:29.083Z,4100.0
53f6dea589f80b5bb3517ee549897e88,1567136a2e42fb2d429ccfa5e7d78589,FI,1,2023-01-13T06:18:25.260Z,1000,2e0c41b0f5f3b478601ad3e3c69992a5,2023-01-13T06:50:17.000Z,4000.0
2df3668fe286fffe30df1f65b9cfd752,aa2deb46abfaecc870c699a00624ca26,FI,2,2022-10-29T15:18:39.996Z,4000,,,
0dac93959bec18a79be62d7f9b32ed3e,09b7086e982bff487871a9d10dea3e5c,EE,2,2022-09-20T14:24:12.110Z,4000,66a85284c5e65e8530f686ef1270f470,2022-09-20T18:58:57.000Z,500.0
9e1d6fa3a1fe22471bc1814d2ea446bc,17e7307b679821db68bdaf0a9710261e,EE,3,2022-11-07T13:57:01.110Z,900,0e2e5bb7dec160e5239a22b53bb543aa,2022-11-07T14:21:16.000Z,2700.0
5b6f4cc2e8d4cf07d75fca961c8448cf,92c52cc14d57f185eaad3310b275e446,EE,4,2023-05-03T14:58:07.983Z,500,708cdaf787f4fad379286823598ada59,2023-05-03T15:07:25.497Z,400.0
6df8a75b2f81dceb2a4896072d678514,57b824dedaa0b5da17961f4736f7e53a,FI,1,2023-08-27T08:17:43.793Z,600,403376d2cbf61fba1ecfb8ea4e3f14a4,2023-08-27T08:20:12.287Z,600.0
d421e1d3bea2db040f36332ae3303a94,0ef44ac035c8906e283b7b84085710d1,FI,1,2023-07-20T15:28:56.413Z,500,adc293aede801908c578f92572104d49,2023-07-20T15:37:44.340Z,500.0
3157a80ac7b1f521f704d00c436cd0a2,de2d166f556cecd3276cf96f76682b94,FI,1,2023-08-07T23:50:33.746Z,500,,,
7b0cc4f9186ab990b6e01f88f97e69fa,27106738a5b9432c4528336d571ac636,NL,4,2023-04-30T09:29:30.123Z,2500,223fbda9b06fe825287ef45d785a2cc8,2023-04-30T09:43:21.123Z,2500.0
cb9dbe8eb0b7b085ef73e414f9b9af52,4386de09f5d0cc8a82a052c9491bb977,FI,3,2023-06-05T03:48:33.120Z,4000,2a0e67894c1025514ddf0a83377001c5,2023-06-05T04:01:27.750Z,4000.0
bb08bc82b7416daf8d0bed2c216b6f01,45cc4476b6e54010c9be1992f6661b02,FI,2,2022-08-31T13:25:21.603Z,4000,,,
aa7c9b5417cddbd710dc520df5816993,debf4a9c412380069966a10f992f9dad,NL,1,2023-08-07T07:49:20.900Z,1500,,,
458c4777843967b28b4793c98baff6d1,299ee43ad33cc3b8aa0b632c794ac75e,EE,3,2023-03-17T12:49:54.506Z,400,,,
99c029b0bab4c8b52f8cbcca55d1c4e0,e88db954203c3f34898466974eba0deb,NL,1,2023-07-24T12:57:38.833Z,1000,,,
c35ebfcb1bb7778a67cb022271ee22aa,a5d42c9375ee0134c32337f8878973b9,EE,2,2022-10-17T05:55:51.520Z,4900,10b3e745f946f86e93b48ca7e8728794,2022-10-18T03:20:53.000Z,2000.0
fd1e1996deced53b2cc19936da8640e8,425698dea48319d29d0ecbe2ff803cc9,EE,4,2023-02-24T08:33:29.653Z,200,,,
f1607dd4000593097b85cac827d4bce5,74fa843c4ad2a3641e69037a30e5e52e,EE,3,2022-12-24T11:37:05.563Z,1200,61c4b28806dd1c4453fba9428d0a67be,2022-12-24T11:50:53.000Z,3400.0
b4bbc6cc229e64a892e06b2a9a410b3a,9038da7f47eb832de1e7ce65951b554c,FI,2,2023-06-12T06:15:54.720Z,4000,48a9c61ce1fee6891301719703bb808e,2023-06-12T06:23:53.097Z,4000.0
99e0ee8bc3cb12cefd11bc236cd7fb54,6fb5a81fb90a222d746bada287497834,ES,3,2022-11-27T10:46:57.996Z,1900,0f8fd6901a53862de3dcd240bc07fee0,2022-11-27T12:57:36.000Z,1000.0
